archive_path,title,mime_type,size_bytes,drive_id,view_url,action
Gyp field dates.xlsx.extract.md,Gyp field dates.xlsx,application/vnd.openxmlformats-officedocument.spreadsheetml.sheet,16831,1ng5Cy6QDxgu3XFUy0q5flg6PbcxxxyPG,https://drive.google.com/file/d/1ng5Cy6QDxgu3XFUy0q5flg6PbcxxxyPG/view?usp=drivesdk,extract_only
2010-2020/2010/2010 Corn irrigation schedule.pdf.extract.md,2010 Corn irrigation schedule.pdf,application/pdf,874389,1b1qo_dRMGX7FNAtLEesNcTDA7B5KKvBZ,https://drive.google.com/file/d/1b1qo_dRMGX7FNAtLEesNcTDA7B5KKvBZ/view,linked_too_large
2010-2020/2010/2010 Wheat irrigation schedule.pdf.extract.md,2010 Wheat irrigation schedule.pdf,application/pdf,822010,1NIThMEMRBZhCQmQAJdOkRd1MgM9Sobhs,https://drive.google.com/file/d/1NIThMEMRBZhCQmQAJdOkRd1MgM9Sobhs/view,linked_too_large
2010-2020/2010/2010 Corn yields.xls,2010 Corn yields.xls,application/vnd.ms-excel,35840,18J7eyvrFEi9p_jvPhAJqGJ7HW878UvEu,https://drive.google.com/file/d/18J7eyvrFEi9p_jvPhAJqGJ7HW878UvEu/view,extract_failed
2010-2020/2011/2011 Wheat new.xls,2011 Wheat new.xls,application/vnd.ms-excel,36864,1A5-fNrA1eVQu29USO2Yx-G3TZ25toDSy,https://drive.google.com/file/d/1A5-fNrA1eVQu29USO2Yx-G3TZ25toDSy/view,extract_failed
2010-2020/2011/2011 alfalfa yields.xls,2011 alfalfa yields.xls,application/vnd.ms-excel,34816,1ACvFlsR9UCha3mFqtdXHLOGL110qxTT0,https://drive.google.com/file/d/1ACvFlsR9UCha3mFqtdXHLOGL110qxTT0/view,extract_failed
2010-2020/2011/2011 alfalfa irrigation.xlsx,2011 alfalfa irrigation.xlsx,xlsx,13042,1CUQvrWcXxw-YtIKMBthkDYaeg1CUn1qz,https://drive.google.com/file/d/1CUQvrWcXxw-YtIKMBthkDYaeg1CUn1qz/view,extracted
2010-2020/2011/2011 manure water divide 10.xls,2011 manure water divide 10.xls,application/vnd.ms-excel,37376,12ZXziMleYZFV-vrrbXUwCRXNKkBeBHMY,https://drive.google.com/file/d/12ZXziMleYZFV-vrrbXUwCRXNKkBeBHMY/view,extract_failed
2010-2020/2011/2011 manure water.xls,2011 manure water.xls,application/vnd.ms-excel,37376,1mgk7Ds52QMfHzZ7Qv42LE2eBTRpDdcEh,https://drive.google.com/file/d/1mgk7Ds52QMfHzZ7Qv42LE2eBTRpDdcEh/view,extract_failed
2010-2020/2011/2011_Dekalb feed analysis.pdf,2011_Dekalb feed analysis.pdf,application/pdf,89152,1zh7FLVtiSw6i803EAMNDt9mpoeBLTy9y,https://drive.google.com/file/d/1zh7FLVtiSw6i803EAMNDt9mpoeBLTy9y/view,extracted
2010-2020/2011/2011 Dry Manure.xls,2011 Dry Manure.xls,application/vnd.ms-excel,25600,15VjocDtaQySqO5X2XHViHveLkYdS0NRe,https://drive.google.com/file/d/15VjocDtaQySqO5X2XHViHveLkYdS0NRe/view,extract_failed
2010-2020/2011/Field grades (01).xls,Field grades (01).xls,application/vnd.ms-excel,20484,1ZaW4LlWIF2rlkCau3fTMEyM7s6RHWBB6,https://drive.google.com/file/d/1ZaW4LlWIF2rlkCau3fTMEyM7s6RHWBB6/view,extract_failed
2010-2020/2011/2011 corn irrigation schedule (03).xls,2011 corn irrigation schedule (03).xls,application/vnd.ms-excel,33792,1qN1Sfu4dXxV9HNTgQqENt3A6MtHW7L8V,https://drive.google.com/file/d/1qN1Sfu4dXxV9HNTgQqENt3A6MtHW7L8V/view,extract_failed
2010-2020/2011/2011 Wheat irrigation schedule.pdf,2011 Wheat irrigation schedule.pdf,application/pdf,1063786,133V2RzexPTEj6PSMDDKBXYFCXBhi0-aL,https://drive.google.com/file/d/133V2RzexPTEj6PSMDDKBXYFCXBhi0-aL/view,linked_too_large
2010-2020/2011/2011 corn irrigation schedule new.xls,2011 corn irrigation schedule new.xls,application/vnd.ms-excel,35840,1xw-34pp7ioZ5SkK3ncVWSBRYJduXrxkw,https://drive.google.com/file/d/1xw-34pp7ioZ5SkK3ncVWSBRYJduXrxkw/view,extract_failed
2010-2020/2011/2011 corn.xls,2011 corn.xls,application/vnd.ms-excel,22528,1psSH_quOiOEqqxzadx3bsHl-8zBX85fh,https://drive.google.com/file/d/1psSH_quOiOEqqxzadx3bsHl-8zBX85fh/view,extract_failed
2010-2020/2011/2011 wheat yields.xls,2011 wheat yields.xls,application/vnd.ms-excel,22016,1jYjmT7plGlOwj6trCyalK8uQBURDgdqD,https://drive.google.com/file/d/1jYjmT7plGlOwj6trCyalK8uQBURDgdqD/view,extract_failed
2010-2020/2012/2012 alfalfa yields.xls,2012 alfalfa yields.xls,application/vnd.ms-excel,33280,1GdHrYTOjhqlwByv-7ss7SxtUH2KmpVwr,https://drive.google.com/file/d/1GdHrYTOjhqlwByv-7ss7SxtUH2KmpVwr/view,extract_failed
2010-2020/2012/2012 Alfalfa.xls,2012 Alfalfa.xls,application/vnd.ms-excel,16384,17NYCxZ8s7VdL9idhtJH2ihbxCKma1fb0,https://drive.google.com/file/d/17NYCxZ8s7VdL9idhtJH2ihbxCKma1fb0/view,extract_failed
2010-2020/2012/alfalfa yields.xlsx,alfalfa yields.xlsx,xlsx,11703,1Bz-CjN9E9KT-CsMb5wtDFQtOlGdF5JHJ,https://drive.google.com/file/d/1Bz-CjN9E9KT-CsMb5wtDFQtOlGdF5JHJ/view,extracted
2010-2020/2012/2012 corn.xls,2012 corn.xls,application/vnd.ms-excel,35328,1a1BBR6xK4BRmdNb4tQ5F1VIGn21KiNZI,https://drive.google.com/file/d/1a1BBR6xK4BRmdNb4tQ5F1VIGn21KiNZI/view,extract_failed
2010-2020/2012/alfalfa yields .xlsx,alfalfa yields .xlsx,xlsx,11703,1MF9Sz97wkH3dchnItzCjbO3aqQbbTRII,https://drive.google.com/file/d/1MF9Sz97wkH3dchnItzCjbO3aqQbbTRII/view,extracted
2010-2020/2012/Hamstra wheat 2012.xls,Hamstra wheat 2012.xls,application/vnd.ms-excel,31744,1J9Y1Ztx4N9rKgtZbdg0r9Y9qvZ3GmFeu,https://drive.google.com/file/d/1J9Y1Ztx4N9rKgtZbdg0r9Y9qvZ3GmFeu/view,extract_failed
2010-2020/2013/Hamstra wheat 2013 new.xls,Hamstra wheat 2013 new.xls,application/vnd.ms-excel,421888,1PziZVD7CXlRLfgHCOEF-PCDXYudSwl45,https://drive.google.com/file/d/1PziZVD7CXlRLfgHCOEF-PCDXYudSwl45/view,linked_too_large
2010-2020/2013/Hamstra Corn 2013 new.xls,Hamstra Corn 2013 new.xls,application/vnd.ms-excel,420352,1qCedN5TejvmLcBC35ximEkhhba_qgZ2y,https://drive.google.com/file/d/1qCedN5TejvmLcBC35ximEkhhba_qgZ2y/view,linked_too_large
2010-2020/2013/Hamstra Corn 2013.xls,Hamstra Corn 2013.xls,application/vnd.ms-excel,419328,1oWEE1pisOoCTe4lNTDTytyF6lN-9M67U,https://drive.google.com/file/d/1oWEE1pisOoCTe4lNTDTytyF6lN-9M67U/view,linked_too_large
2010-2020/2013/Hamstra Alfalfa 2013  new.xls,Hamstra Alfalfa 2013  new.xls,application/vnd.ms-excel,412160,1cklVUbxu3YxSnbSpU0UEnIdXI02KFSXe,https://drive.google.com/file/d/1cklVUbxu3YxSnbSpU0UEnIdXI02KFSXe/view,linked_too_large
2010-2020/2014/Hamstra wheat 2014 new.xls,Hamstra wheat 2014 new.xls,application/vnd.ms-excel,164352,1ODfRP6P22rAOH162CYGx3JcLFAoMVKF7,https://drive.google.com/file/d/1ODfRP6P22rAOH162CYGx3JcLFAoMVKF7/view,extract_failed
2010-2020/2014/Hamstra Corn 2014.xlsx,Hamstra Corn 2014.xlsx,xlsx,136314,1n6gIXl53TnPTQTHO8oAM8qO5MKTx7HNb,https://drive.google.com/file/d/1n6gIXl53TnPTQTHO8oAM8qO5MKTx7HNb/view,extracted
2010-2020/2014/Hamstra Alfalfa 2014.xls,Hamstra Alfalfa 2014.xls,application/vnd.ms-excel,31232,1BvkiekkvbCjoKoJ_AEJrJauPDMQiaJzO,https://drive.google.com/file/d/1BvkiekkvbCjoKoJ_AEJrJauPDMQiaJzO/view,extract_failed
2010-2020/2015/Hamstra Alfalfa 2015.xls,Hamstra Alfalfa 2015.xls,application/vnd.ms-excel,30720,1Fq3QIq5IBcvWOU2GjN_prt9kvMzDyL94,https://drive.google.com/file/d/1Fq3QIq5IBcvWOU2GjN_prt9kvMzDyL94/view,extract_failed
2010-2020/2015/Hamstra wheat 2015.xls,Hamstra wheat 2015.xls,application/vnd.ms-excel,166912,1uEmgFfoKEDtMcYvfwR4Rybke1W9AbApr,https://drive.google.com/file/d/1uEmgFfoKEDtMcYvfwR4Rybke1W9AbApr/view,extract_failed
2010-2020/2015/Silage workbook.xlsx,Silage workbook.xlsx,xlsx,8947,1S24z3spqDghHNfvosxDf4BJRWdDZ8VJG,https://drive.google.com/file/d/1S24z3spqDghHNfvosxDf4BJRWdDZ8VJG/view,extracted
2010-2020/2015/Hamstra Corn 2015.xlsx,Hamstra Corn 2015.xlsx,xlsx,136456,1A7wwc5EVkNkIpBhfZv7Bc5DX_nzmKLZE,https://drive.google.com/file/d/1A7wwc5EVkNkIpBhfZv7Bc5DX_nzmKLZE/view,extracted
2010-2020/2016/Hamstra Alfalfa 2016.xls,Hamstra Alfalfa 2016.xls,application/vnd.ms-excel,31232,18SiJmOtyICB3JDyANQImjX4jmx3XWEqq,https://drive.google.com/file/d/18SiJmOtyICB3JDyANQImjX4jmx3XWEqq/view,extract_failed
2010-2020/2016/Hamstra Corn 2016.xlsx,Hamstra Corn 2016.xlsx,xlsx,137643,1iDl_DP91ZzZNuScoo5fr3YEe55x63pih,https://drive.google.com/file/d/1iDl_DP91ZzZNuScoo5fr3YEe55x63pih/view,extracted
2010-2020/2016/Hamstra Wheat 2016.xlsx,Hamstra Wheat 2016.xlsx,xlsx,14486,14hEHalC4JaIRoQjyz8LA4W0MIZg3EYzr,https://drive.google.com/file/d/14hEHalC4JaIRoQjyz8LA4W0MIZg3EYzr/view,extracted
2010-2020/2017/Hamstra Alfalfa 2017.xls,Hamstra Alfalfa 2017.xls,application/vnd.ms-excel,31744,1FlqhZsnY-pUEFQ9Vgf2a95IyvyP4mlNg,https://drive.google.com/file/d/1FlqhZsnY-pUEFQ9Vgf2a95IyvyP4mlNg/view,extract_failed
2010-2020/2017/Hamstra Wheat 2017.xlsx,Hamstra Wheat 2017.xlsx,xlsx,12702,1J3Fkd6_v-HCRYV4-vDyaVdDVpSo_Y2mF,https://drive.google.com/file/d/1J3Fkd6_v-HCRYV4-vDyaVdDVpSo_Y2mF/view,extracted
2010-2020/2017/Hamstra Corn 2017.xlsx,Hamstra Corn 2017.xlsx,xlsx,137697,1Wi4m-ejgp8cU0E72Q35WScnPQ8rKBPMS,https://drive.google.com/file/d/1Wi4m-ejgp8cU0E72Q35WScnPQ8rKBPMS/view,extracted
2010-2020/2018/2018 Wheat.xlsx,2018 Wheat.xlsx,xlsx,15763,1lgUwLsIoyHysr09BYjm61MrYfQlicomW,https://drive.google.com/file/d/1lgUwLsIoyHysr09BYjm61MrYfQlicomW/view,extracted
2010-2020/2018/Hamstra Alfalfa 2018.xls,Hamstra Alfalfa 2018.xls,application/vnd.ms-excel,31744,1nx_qhCgqpjZFRsNCt5i4n4vb3_2h49Hk,https://drive.google.com/file/d/1nx_qhCgqpjZFRsNCt5i4n4vb3_2h49Hk/view,extract_failed
2010-2020/2018/Hamstra Corn 2018.xlsx,Hamstra Corn 2018.xlsx,xlsx,136923,1ZsvYQZe3eveZ8rXD-tnjIQGYj58NQXPN,https://drive.google.com/file/d/1ZsvYQZe3eveZ8rXD-tnjIQGYj58NQXPN/view,extracted
2010-2020/2019/Hamstra Alfalfa 2019.xls,Hamstra Alfalfa 2019.xls,application/vnd.ms-excel,34304,1vkHOhBoPLNuJAD20U3vGD-BI5tUcPglG,https://drive.google.com/file/d/1vkHOhBoPLNuJAD20U3vGD-BI5tUcPglG/view,extract_failed
2010-2020/2019/2019 Corn.xlsx,2019 Corn.xlsx,xlsx,132261,1dR8FtzEXSY5txuT61opvCRBHsCQY_kpu,https://drive.google.com/file/d/1dR8FtzEXSY5txuT61opvCRBHsCQY_kpu/view,extracted
2010-2020/2019/2019 Corn (07-01-2019 0637 AM).xlsx,2019 Corn (07-01-2019 0637 AM).xlsx,xlsx,128458,1LFEkAn3AKUyosPhIHGhi5iJRYdo-YKEU,https://drive.google.com/file/d/1LFEkAn3AKUyosPhIHGhi5iJRYdo-YKEU/view,extracted
2010-2020/2019/2019 Wheat.xlsx,2019 Wheat.xlsx,xlsx,14833,1vUJ7axbY0cHXcv8tyUkasXL0OSrXgO0K,https://drive.google.com/file/d/1vUJ7axbY0cHXcv8tyUkasXL0OSrXgO0K/view,extracted
2010-2020/2020/Hamstra Alfalfa 2020.xls,Hamstra Alfalfa 2020.xls,application/vnd.ms-excel,34304,10jwSh1uBUQLFj_p6sHdCtz7btopsfp6N,https://drive.google.com/file/d/10jwSh1uBUQLFj_p6sHdCtz7btopsfp6N/view,extract_failed
2010-2020/2020/2020 Corn.xlsx,2020 Corn.xlsx,xlsx,132432,1Fyx-lw5UjWSfrGfS6RrO0viv63dFC9bO,https://drive.google.com/file/d/1Fyx-lw5UjWSfrGfS6RrO0viv63dFC9bO/view,extracted
2010-2020/2020/Corn Plot.pdf,Corn Plot.pdf,application/pdf,2662018,1BYwJZwyLUTnlVQfhyvs0_kzLp_XHKfRV,https://drive.google.com/file/d/1BYwJZwyLUTnlVQfhyvs0_kzLp_XHKfRV/view,extracted
2010-2020/2020/2020 Corn.pdf,2020 Corn.pdf,application/pdf,476815,11r3VO_dsDHuaZTpaD9ZH2Bl7vZBcjftL,https://drive.google.com/file/d/11r3VO_dsDHuaZTpaD9ZH2Bl7vZBcjftL/view,linked_too_large
2010-2020/2020/Hamstra Alfalfa 2020.pdf,Hamstra Alfalfa 2020.pdf,application/pdf,36946,192qCYKP7XYGq5ok1yuayMI7Fcq8lY2oc,https://drive.google.com/file/d/192qCYKP7XYGq5ok1yuayMI7Fcq8lY2oc/view,extracted
2010-2020/2020/2020 Wheat.xlsx,2020 Wheat.xlsx,xlsx,16220,1ZKqifzogcn5h_K4jb368knlJlGSQtRZU,https://drive.google.com/file/d/1ZKqifzogcn5h_K4jb368knlJlGSQtRZU/view,extracted
2010-2020/2020/2020 Wheat.pdf,2020 Wheat.pdf,application/pdf,426664,1rX-M_fLcBPftwIaUVSwZdY1DZWSlCvZd,https://drive.google.com/file/d/1rX-M_fLcBPftwIaUVSwZdY1DZWSlCvZd/view,linked_too_large
2021/2021 Hamstra wheat.xlsx,2021 Hamstra wheat.xlsx,xlsx,16561,1_Td3SXHMNL6aWhkPBAA0SlzsmjSfiJ7u,https://drive.google.com/file/d/1_Td3SXHMNL6aWhkPBAA0SlzsmjSfiJ7u/view,extracted
2021/Hamstra Alfalfa 2021.xls,Hamstra Alfalfa 2021.xls,application/vnd.ms-excel,33792,1FYZTW5rzpx6nOXD8yX6bXek2VRqbvP_M,https://drive.google.com/file/d/1FYZTW5rzpx6nOXD8yX6bXek2VRqbvP_M/view,extract_failed
2021/Hamstra Alfalfa 2021.pdf,Hamstra Alfalfa 2021.pdf,application/pdf,39257,1-E_gVyuCSuwVb5J_5187DmvC1IRg4m4d,https://drive.google.com/file/d/1-E_gVyuCSuwVb5J_5187DmvC1IRg4m4d/view,extracted
2021/2021 Hamstra wheat.pdf,2021 Hamstra wheat.pdf,application/pdf,430005,1mu2ZpeJKuAUSTS_aLCfEdW8SlWsIeVIn,https://drive.google.com/file/d/1mu2ZpeJKuAUSTS_aLCfEdW8SlWsIeVIn/view,linked_too_large
2021/2021 Hamstra Corn.pdf,2021 Hamstra Corn.pdf,application/pdf,466324,1Vwje18nMfe6XSEXGIia5NeaG947v-K-v,https://drive.google.com/file/d/1Vwje18nMfe6XSEXGIia5NeaG947v-K-v/view,linked_too_large
2021/2021 Hamstra Corn.xlsx,2021 Hamstra Corn.xlsx,xlsx,134222,115a2hpX_qVtVtl5qdkhuUV1dkWPlzqE0,https://drive.google.com/file/d/115a2hpX_qVtVtl5qdkhuUV1dkWPlzqE0/view,extracted
2021/2021 Hamstra meter read dates.xlsx,2021 Hamstra meter read dates.xlsx,xlsx,12707,1hSZ_v0eRm56XHw7ZtqzSXzcGcl9eh_f8,https://drive.google.com/file/d/1hSZ_v0eRm56XHw7ZtqzSXzcGcl9eh_f8/view,extracted
2022/2022 Hamstra Alfalfa.xlsx,2022 Hamstra Alfalfa.xlsx,xlsx,17634,1vXWP6EyuPyGKP3ITEtM60GY1G5pbtEmZ,https://drive.google.com/file/d/1vXWP6EyuPyGKP3ITEtM60GY1G5pbtEmZ/view,extracted
2022/2022 Hamstra Alfalfa.pdf,2022 Hamstra Alfalfa.pdf,application/pdf,92439,1vVIC-3g-plHvmN-duiOPEx-04OowXukC,https://drive.google.com/file/d/1vVIC-3g-plHvmN-duiOPEx-04OowXukC/view,extracted
2022/2022 Hamstra wheat.pdf,2022 Hamstra wheat.pdf,application/pdf,116929,1WJzw7352UAZPUsLCipLCPSZCZ2ktwCq5,https://drive.google.com/file/d/1WJzw7352UAZPUsLCipLCPSZCZ2ktwCq5/view,extracted
2022/2022 Hamstra Corn.pdf,2022 Hamstra Corn.pdf,application/pdf,163335,1MSx_exNz3zZfGoDvMupKXT3GblykC6D9,https://drive.google.com/file/d/1MSx_exNz3zZfGoDvMupKXT3GblykC6D9/view,extracted
2022/2022 Hamstra Corn.xlsx,2022 Hamstra Corn.xlsx,xlsx,134144,13zkWS-bdYdefKTrHfmNbLY_J7sqcWxUx,https://drive.google.com/file/d/13zkWS-bdYdefKTrHfmNbLY_J7sqcWxUx/view,extracted
2022/2022 Hamstra wheat.xlsx,2022 Hamstra wheat.xlsx,xlsx,15870,1DK6qNtdznQ-hUvVe8E6E05dh3QJ_DytM,https://drive.google.com/file/d/1DK6qNtdznQ-hUvVe8E6E05dh3QJ_DytM/view,extracted
2023/2023 Hamstra Alfalfa.xlsx,2023 Hamstra Alfalfa.xlsx,xlsx,17458,1RyiseEqnWS0-0vV-D3VOvKMFLNdVE4n5,https://drive.google.com/file/d/1RyiseEqnWS0-0vV-D3VOvKMFLNdVE4n5/view,extracted
2023/2023 Hamstra Wheat.xlsx,2023 Hamstra Wheat.xlsx,xlsx,18476,1JOCjwFUawAaqN05IT8Rb1jkFN6SSy2Ye,https://drive.google.com/file/d/1JOCjwFUawAaqN05IT8Rb1jkFN6SSy2Ye/view,extracted
2023/2023 Hamstra Corn.xlsx,2023 Hamstra Corn.xlsx,xlsx,140267,1FH1ZcRexfTqeOYuTjyzNqfDjkjiWtcGW,https://drive.google.com/file/d/1FH1ZcRexfTqeOYuTjyzNqfDjkjiWtcGW/view,extracted
2024/2024 Hamstra Alfalfa.xlsx,2024 Hamstra Alfalfa.xlsx,xlsx,17144,1IfnlUbClXABwKOriMKCmLI9KrAdH-NF8,https://drive.google.com/file/d/1IfnlUbClXABwKOriMKCmLI9KrAdH-NF8/view,extracted
2024/2024 Hamstra Alfalfa.pdf,2024 Hamstra Alfalfa.pdf,application/pdf,49424,18ipqptl0FBEzlTi0e5O3PwBuJPjlxKqy,https://drive.google.com/file/d/18ipqptl0FBEzlTi0e5O3PwBuJPjlxKqy/view,extracted
2024/2024 Hamstra Corn.pdf,2024 Hamstra Corn.pdf,application/pdf,178523,1sodSWw9ty-Ht8WfMuyGksepLuqV5qhF4,https://drive.google.com/file/d/1sodSWw9ty-Ht8WfMuyGksepLuqV5qhF4/view,extracted
2024/2024 Hamstra Wheat.pdf,2024 Hamstra Wheat.pdf,application/pdf,124727,1kdrSVWq-GegJ5KX1tKHpS2aaSYCjXR_X,https://drive.google.com/file/d/1kdrSVWq-GegJ5KX1tKHpS2aaSYCjXR_X/view,extracted
2024/2024 Hamstra Wheat.xlsx,2024 Hamstra Wheat.xlsx,xlsx,15823,177HSmH6WLd0KmAxV_BvhzX7qteU3fUaq,https://drive.google.com/file/d/177HSmH6WLd0KmAxV_BvhzX7qteU3fUaq/view,extracted
2024/2024 Hamstra Corn.xlsx,2024 Hamstra Corn.xlsx,xlsx,146236,1w_Hqz3tXyjlPuF10Qy3cXpb8iWlkqRA3,https://drive.google.com/file/d/1w_Hqz3tXyjlPuF10Qy3cXpb8iWlkqRA3/view,extracted
2024/Hamstra to do.xlsx,Hamstra to do.xlsx,xlsx,14404,1VSuexD-YcR9TtyZVDgUksa1LXxeir0Up,https://drive.google.com/file/d/1VSuexD-YcR9TtyZVDgUksa1LXxeir0Up/view,extracted
2025/2025 Hamstra Alfalfa.pdf,2025 Hamstra Alfalfa.pdf,application/pdf,126892,1ooBZS3DPJnvF4LNhy2z1ACh6HamAmzt6,https://drive.google.com/file/d/1ooBZS3DPJnvF4LNhy2z1ACh6HamAmzt6/view,extracted
2025/2025 Hamstra Alfalfa.xlsx,2025 Hamstra Alfalfa.xlsx,xlsx,12326,1oo8Dcw8n_poX4eTvdkIMxjuvFsfqjNOd,https://drive.google.com/file/d/1oo8Dcw8n_poX4eTvdkIMxjuvFsfqjNOd/view,extracted
2025/2025 Wheat.pdf,2025 Wheat.pdf,application/pdf,195947,12we8ipKSxqoY1qEB3CSnHmfQwVg7AUmz,https://drive.google.com/file/d/12we8ipKSxqoY1qEB3CSnHmfQwVg7AUmz/view,extracted
2025/2025 Hamstra Wheat.xlsx,2025 Hamstra Wheat.xlsx,xlsx,18023,1O9PMcCfe7Kn9cdpKvMQl6tguEc6zdXvK,https://drive.google.com/file/d/1O9PMcCfe7Kn9cdpKvMQl6tguEc6zdXvK/view,extracted
2025/2025 Corn .pdf,2025 Corn .pdf,application/pdf,108002,1RG5C_dP_NiWjTBATY569A8zCCSK-C8c7,https://drive.google.com/file/d/1RG5C_dP_NiWjTBATY569A8zCCSK-C8c7/view,extracted
2025/2025 Hamstra Corn.xlsx,2025 Hamstra Corn.xlsx,xlsx,141374,1bleg36iFSs1zj-PpuemBQZWIN1q7Kacx,https://drive.google.com/file/d/1bleg36iFSs1zj-PpuemBQZWIN1q7Kacx/view,extracted
2025/2025 Hamstra To Do.xlsx,2025 Hamstra To Do.xlsx,xlsx,17978,1QBp4BPRutHhHVjEI-3qD_Dt1csD7SHqx,https://drive.google.com/file/d/1QBp4BPRutHhHVjEI-3qD_Dt1csD7SHqx/view,extracted
2025/2025 Hamstra Gyp.xlsx,2025 Hamstra Gyp.xlsx,xlsx,15998,12-87SPVsU6GfKF8Kn78J7ySIui_I15Py,https://drive.google.com/file/d/12-87SPVsU6GfKF8Kn78J7ySIui_I15Py/view,extracted
2025/2025 Hamstra Fertilizer.xlsx.extract.md,2025 Hamstra Fertilizer.xlsx,xlsx,15896,1Qcw1XcvOcA7gE-SuovfvfraaXfruF3H3,https://drive.google.com/file/d/1Qcw1XcvOcA7gE-SuovfvfraaXfruF3H3/view,extract_only
2025/2025 Hamstra Trees.xlsx,2025 Hamstra Trees.xlsx,xlsx,14173,1_bz-vLvskBaEnBRi1aB6YVsdiAL-tBXv,https://drive.google.com/file/d/1_bz-vLvskBaEnBRi1aB6YVsdiAL-tBXv/view,extracted
2025/Hamstra Walnuts.xlsx,Hamstra Walnuts.xlsx,xlsx,9155,1f1HBQh3yyqJag8HQfjOTKBRIDqqELJ7F,https://drive.google.com/file/d/1f1HBQh3yyqJag8HQfjOTKBRIDqqELJ7F/view,extracted
2025/2025 Almonds.xlsx,2025 Almonds.xlsx,xlsx,9440,1JMP9yjpJuPfdPF_YZzINUpTG6Dq_r2wy,https://drive.google.com/file/d/1JMP9yjpJuPfdPF_YZzINUpTG6Dq_r2wy/view,extracted
2026/2026 Hamstra Corn.xlsx,2026 Hamstra Corn.xlsx,xlsx,147928,1bgHDYTDciohJKWNwnHBacRKolcNTgiU9,https://drive.google.com/file/d/1bgHDYTDciohJKWNwnHBacRKolcNTgiU9/view,extracted
2026/alfalfa-calendar-data (2).json,alfalfa-calendar-data (2).json,application/json,3018,1vF0UAWdV0i0fH28qalKodJl4zIm2KHIQ,https://drive.google.com/file/d/1vF0UAWdV0i0fH28qalKodJl4zIm2KHIQ/view,extract_failed
2026/2026 Hamstra Corn copy.xlsx,2026 Hamstra Corn copy.xlsx,xlsx,142731,1GyQQ_S4OpGhFN8TrghSz8uSQWYOIHcPb,https://drive.google.com/file/d/1GyQQ_S4OpGhFN8TrghSz8uSQWYOIHcPb/view,extracted
2026/2026 Hamstra Wheat.xlsx,2026 Hamstra Wheat.xlsx,xlsx,18695,1Fyi3z2nMMiK5n0S1fLb5w0MxkLaq4JYM,https://drive.google.com/file/d/1Fyi3z2nMMiK5n0S1fLb5w0MxkLaq4JYM/view,extracted
2026/2026 Hamstra Alfalfa.xlsx,2026 Hamstra Alfalfa.xlsx,xlsx,12391,1URVLGeabKRuV0PJWeHN4t-AS_mQO8Wsz,https://drive.google.com/file/d/1URVLGeabKRuV0PJWeHN4t-AS_mQO8Wsz/view,extracted
Hamstra Soil Samples/06-S157876 Hamstra Corn N soil.pdf,06-S157876 Hamstra Corn N soil.pdf,application/pdf,74049,16cxTqDHJBEAAH_ugLCbXcDYiA7R09JaD,https://drive.google.com/file/d/16cxTqDHJBEAAH_ugLCbXcDYiA7R09JaD/view,extracted
Hamstra Soil Samples/06-S156999 Hamstra Corn N 6-15-26.pdf,06-S156999 Hamstra Corn N 6-15-26.pdf,application/pdf,79455,1LwA09jRIqeH6ej0O7COVZ_LSy8UMWlwT,https://drive.google.com/file/d/1LwA09jRIqeH6ej0O7COVZ_LSy8UMWlwT/view,extracted
Hamstra Soil Samples/05-S155164 Hamstra Corn N 2026.pdf,05-S155164 Hamstra Corn N 2026.pdf,application/pdf,91647,15FhlSbYn8r0H9gfE0gc8MKeEgH6UGyKt,https://drive.google.com/file/d/15FhlSbYn8r0H9gfE0gc8MKeEgH6UGyKt/view,extracted
Hamstra Soil Samples/05-S156001 Hamstra Corn N nitrogen profiles 2026.pdf,05-S156001 Hamstra Corn N nitrogen profiles 2026.pdf,application/pdf,63523,1wjb2IfU0ph1ErlONPKD5RV2KP7KIdTk1,https://drive.google.com/file/d/1wjb2IfU0ph1ErlONPKD5RV2KP7KIdTk1/view,extracted
Hamstra Soil Samples/12-S143167 Hamstra soil.pdf,12-S143167 Hamstra soil.pdf,application/pdf,115611,1T8dyFOPanykiC9uX63qwoZ88XDwYKzUI,https://drive.google.com/file/d/1T8dyFOPanykiC9uX63qwoZ88XDwYKzUI/view,extracted
Hamstra Soil Samples/12-S143168 Hynes C1 soil.pdf,12-S143168 Hynes C1 soil.pdf,application/pdf,92453,1Nffsjrf16E3rhBzRIk4j6HQwd4Q22V_-,https://drive.google.com/file/d/1Nffsjrf16E3rhBzRIk4j6HQwd4Q22V_-/view,extracted
Hamstra Soil Samples/09-S135193 Hamstra 2-05 soil.pdf,09-S135193 Hamstra 2-05 soil.pdf,application/pdf,100122,18aKmTRogNKeSwWCFG7Pde2YXSCbQ3hNc,https://drive.google.com/file/d/18aKmTRogNKeSwWCFG7Pde2YXSCbQ3hNc/view,extracted
Hamstra Soil Samples/09-S136069 Hamstra soil.pdf,09-S136069 Hamstra soil.pdf,application/pdf,106392,18tQZ8Ni7z5XeW2hCvpX-5eGl2QYbvpG9,https://drive.google.com/file/d/18tQZ8Ni7z5XeW2hCvpX-5eGl2QYbvpG9/view,extracted
Hamstra Soil Samples/08-T132186 Hamstra HULL.pdf,08-T132186 Hamstra HULL.pdf,application/pdf,63860,1shKHh956nOYxh4kOrlFZJro2SadqJYVL,https://drive.google.com/file/d/1shKHh956nOYxh4kOrlFZJro2SadqJYVL/view,extracted
Hamstra Soil Samples/08-S129744 Hamstra 03-28 soil.pdf,08-S129744 Hamstra 03-28 soil.pdf,application/pdf,101585,1_-pR2aKMHU1JQvNVenHaGKxS7KojvN_D,https://drive.google.com/file/d/1_-pR2aKMHU1JQvNVenHaGKxS7KojvN_D/view,extracted
Hamstra Soil Samples/07-T126100 Hamstra Wal.pdf,07-T126100 Hamstra Wal.pdf,application/pdf,81990,17XUglrrP1qHSYgzizSR-gsY9cXWcHuoE,https://drive.google.com/file/d/17XUglrrP1qHSYgzizSR-gsY9cXWcHuoE/view,extracted
Hamstra Soil Samples/07-T126085 Hamstra Alm.pdf,07-T126085 Hamstra Alm.pdf,application/pdf,79887,1iL6abftTP1k1b-QbFet2MGpWnaGORMIP,https://drive.google.com/file/d/1iL6abftTP1k1b-QbFet2MGpWnaGORMIP/view,extracted
Hamstra Soil Samples/04-S115462 Hamstra Corn N soil.pdf,04-S115462 Hamstra Corn N soil.pdf,application/pdf,70638,1y1nQ-Ad54gHfsmMJpQQk7Inz2sR9xVRa,https://drive.google.com/file/d/1y1nQ-Ad54gHfsmMJpQQk7Inz2sR9xVRa/view,extracted
"Hamstra Soil Samples/Sept 2024 Soils Fld10,32.pdf","Sept 2024 Soils Fld10,32.pdf",application/pdf,54513,1kqlSVZRDHoG7q3kZK_ReIFhoOcOMktz-,https://drive.google.com/file/d/1kqlSVZRDHoG7q3kZK_ReIFhoOcOMktz-/view,extracted
Hamstra Soil Samples/May 2024 Soils Fld31N.pdf,May 2024 Soils Fld31N.pdf,application/pdf,44929,130jZjhSvqQgF8heL7sxjIswdKJr8l7xJ,https://drive.google.com/file/d/130jZjhSvqQgF8heL7sxjIswdKJr8l7xJ/view,extracted
Hamstra Soil Samples/Oct 2023 Soils Fld42.pdf,Oct 2023 Soils Fld42.pdf,application/pdf,50394,1j-aZbcAedZAiX3S1lvY5nSCz6JPk3yrP,https://drive.google.com/file/d/1j-aZbcAedZAiX3S1lvY5nSCz6JPk3yrP/view,extracted
Hamstra Soil Samples/Oct 2023 Soil Fld20.pdf,Oct 2023 Soil Fld20.pdf,application/pdf,47481,1gYQHIi12Iy6Vzdl5y-gVPvcqlimez_iC,https://drive.google.com/file/d/1gYQHIi12Iy6Vzdl5y-gVPvcqlimez_iC/view,extracted
Hamstra Soil Samples/Aug 2024 Soils FldC5.pdf,Aug 2024 Soils FldC5.pdf,application/pdf,52005,15lRitWo6_eey6SDhMbYgrWClJxOlrgB3,https://drive.google.com/file/d/15lRitWo6_eey6SDhMbYgrWClJxOlrgB3/view,extracted
Hamstra Soil Samples/05-S84077 Hamstra 07-31N Complete.pdf,05-S84077 Hamstra 07-31N Complete.pdf,application/pdf,44911,1bPLc_iYC2Aj0d9DDRL9f_kMc3heo0axx,https://drive.google.com/file/d/1bPLc_iYC2Aj0d9DDRL9f_kMc3heo0axx/view,extracted
Hamstra Soil Samples/08-S97759 Hamstra 07-C5 N Alf.pdf,08-S97759 Hamstra 07-C5 N Alf.pdf,application/pdf,51993,1Y4_iKnwyaRbpKCwebEsnqw6paSHSzGnc,https://drive.google.com/file/d/1Y4_iKnwyaRbpKCwebEsnqw6paSHSzGnc/view,extracted
"Hamstra Soil Samples/Aug 2015 Fld16,31,40N.xls","Aug 2015 Fld16,31,40N.xls",application/vnd.ms-excel,44544,1DK_lsYeiCFXRcJ_O4gqxNk5J_T0bFxfM,https://drive.google.com/file/d/1DK_lsYeiCFXRcJ_O4gqxNk5J_T0bFxfM/view,extract_failed
Hamstra Soil Samples/Oct_2013_Gibson_N-50.xls,Oct_2013_Gibson_N-50.xls,application/vnd.ms-excel,68096,1RxjMCI7OT8jBxrBN9TM1meR_6_rP8Pz0,https://drive.google.com/file/d/1RxjMCI7OT8jBxrBN9TM1meR_6_rP8Pz0/view,extract_failed
Hamstra Soil Samples/Sept 2014 Fld 10.xls,Sept 2014 Fld 10.xls,application/vnd.ms-excel,40448,1XCoo_ykNesNNeGlchsBMZ23m66IYfI3s,https://drive.google.com/file/d/1XCoo_ykNesNNeGlchsBMZ23m66IYfI3s/view,extract_failed
Hamstra Soil Samples/April 2014 Soils-Batti.xls,April 2014 Soils-Batti.xls,application/vnd.ms-excel,71168,1nIyIVNEQk6fjRUZDacyOK9frQj4xPods,https://drive.google.com/file/d/1nIyIVNEQk6fjRUZDacyOK9frQj4xPods/view,extract_failed
Hamstra Soil Samples/Sept 2014 Gibson 34.xls,Sept 2014 Gibson 34.xls,application/vnd.ms-excel,40448,1-cmgX_p6Kn9DIN42KgGFUrwdN5usFpQq,https://drive.google.com/file/d/1-cmgX_p6Kn9DIN42KgGFUrwdN5usFpQq/view,extract_failed
"Hamstra Soil Samples/Sept 2015 Fld10,26,27.xls","Sept 2015 Fld10,26,27.xls",application/vnd.ms-excel,47616,1Ub11u2tw_ZUx6UC-U_S8SbasjTC_k63w,https://drive.google.com/file/d/1Ub11u2tw_ZUx6UC-U_S8SbasjTC_k63w/view,extract_failed
"Hamstra Soil Samples/Sept 2015 Fld28,29.xls","Sept 2015 Fld28,29.xls",application/vnd.ms-excel,48128,17-sR0EpmAnbiX59AWsWFU4Os0tdBXPhd,https://drive.google.com/file/d/17-sR0EpmAnbiX59AWsWFU4Os0tdBXPhd/view,extract_failed
Hamstra Soil Samples/Soil Sample 2011 19 9 16 24 25.pdf,Soil Sample 2011 19 9 16 24 25.pdf,application/pdf,2717838,15wz0qWjN0osbEpNEZ5qZvndWtMlTK9Aq,https://drive.google.com/file/d/15wz0qWjN0osbEpNEZ5qZvndWtMlTK9Aq/view,extracted
Hamstra Soil Samples/Hamstra Gipson soil sample 2013.xls,Hamstra Gipson soil sample 2013.xls,application/vnd.ms-excel,65536,1dS3NgcUpjPXprvL2Bye1yUXg4o_1gKd0,https://drive.google.com/file/d/1dS3NgcUpjPXprvL2Bye1yUXg4o_1gKd0/view,extract_failed
Hamstra Soil Samples/Soil Sample Notes.pdf,Soil Sample Notes.pdf,application/pdf,454728,1h53PVkI13GCR-oTyKG5O_Oy9Ada4wN8b,https://drive.google.com/file/d/1h53PVkI13GCR-oTyKG5O_Oy9Ada4wN8b/view,extracted
Hamstra Soil Samples/Sept 2015 Fld5.xls,Sept 2015 Fld5.xls,application/vnd.ms-excel,45056,1VJDHALzZ7xDQyqT5UtWX5cYcO51eEhQp,https://drive.google.com/file/d/1VJDHALzZ7xDQyqT5UtWX5cYcO51eEhQp/view,extract_failed
Hamstra Soil Samples/Aug 2014 Fld 32.xls,Aug 2014 Fld 32.xls,application/vnd.ms-excel,43520,1R7PmD3-YQIIF_zC5xDUb3BYrubG20GLc,https://drive.google.com/file/d/1R7PmD3-YQIIF_zC5xDUb3BYrubG20GLc/view,extract_failed
"Hamstra Soil Samples/Sept 2014 Fld 1,2.xls","Sept 2014 Fld 1,2.xls",application/vnd.ms-excel,40960,1DbMQGEdvKMR7j6pmL8mN6T-uPEVGIl9a,https://drive.google.com/file/d/1DbMQGEdvKMR7j6pmL8mN6T-uPEVGIl9a/view,extract_failed
Hamstra Soil Samples/2013 Clark Ranch soil sample.xls,2013 Clark Ranch soil sample.xls,application/vnd.ms-excel,73230,15LleOhtqbIavSjGANs-gWn-j1vNR18dn,https://drive.google.com/file/d/15LleOhtqbIavSjGANs-gWn-j1vNR18dn/view,extract_failed
Hamstra Soil Samples/Sept 2014 Gibson S 35.xls,Sept 2014 Gibson S 35.xls,application/vnd.ms-excel,46080,1qXvn862r8vUkHyHWtcDKuW7RMa5T3YZL,https://drive.google.com/file/d/1qXvn862r8vUkHyHWtcDKuW7RMa5T3YZL/view,extract_failed
Hamstra Soil Samples/Soil Sample 2010 14 18 31.pdf,Soil Sample 2010 14 18 31.pdf,application/pdf,2143780,1ErD7z-oppFVzr23p1N11ZtTaP4SbZS0j,https://drive.google.com/file/d/1ErD7z-oppFVzr23p1N11ZtTaP4SbZS0j/view,extracted
"Hamstra/07-S163333 Hamstra 9,24,25 soil.pdf","07-S163333 Hamstra 9,24,25 soil.pdf",application/pdf,105483,1JE6LvTTo1iQHj5PSdqAwChiXRcz9A6Oz,https://drive.google.com/file/d/1JE6LvTTo1iQHj5PSdqAwChiXRcz9A6Oz/view,extracted
Hamstra/Corn Plot data 2020.pdf,Corn Plot data 2020.pdf,application/pdf,2662018,1KblZ3raM3z67jahijXfmXXg0AMwKrUt8,https://drive.google.com/file/d/1KblZ3raM3z67jahijXfmXXg0AMwKrUt8/view,extracted
Hamstra/Corn Yield by Year (32% DM).png,Corn Yield by Year (32% DM).png,image/png,68120,1B9Cr6uYgle30hAqKKKrZeUD4Pkuo5sW8,https://drive.google.com/file/d/1B9Cr6uYgle30hAqKKKrZeUD4Pkuo5sW8/view,extract_failed
Hamstra/Hamstra Corn Summary (32% DM) with chart.xlsx,Hamstra Corn Summary (32% DM) with chart.xlsx,xlsx,64157,1BLDeoWJQ9scj_uGeLeksMj-ePznvlo4v,https://drive.google.com/file/d/1BLDeoWJQ9scj_uGeLeksMj-ePznvlo4v/view,extracted
Hamstra/Corn Yield by Year (32% DM).pdf,Corn Yield by Year (32% DM).pdf,application/pdf,23994,1y5tXeUnw3reaCrL21Detz_UZtKNGvWco,https://drive.google.com/file/d/1y5tXeUnw3reaCrL21Detz_UZtKNGvWco/view,extracted
Hamstra/Hamstra Corn Summary (32% DM).xlsx,Hamstra Corn Summary (32% DM).xlsx,xlsx,58798,1w9qhN8xaIbBawq_ZSabZMEctA4Iueted,https://drive.google.com/file/d/1w9qhN8xaIbBawq_ZSabZMEctA4Iueted/view,extracted
Hamstra/Hamstra Corn Yield Analysis (32% DM).xlsx,Hamstra Corn Yield Analysis (32% DM).xlsx,xlsx,62959,1imHFx1yztFFw4yHnKQfzsaJCkCJxVJKS,https://drive.google.com/file/d/1imHFx1yztFFw4yHnKQfzsaJCkCJxVJKS/view,extracted
Hamstra/Hamstra Corn Yield Analysis.xlsx,Hamstra Corn Yield Analysis.xlsx,xlsx,62932,1eW-V4xS1UFPWLU1IBsDWmvNEqh2bezbx,https://drive.google.com/file/d/1eW-V4xS1UFPWLU1IBsDWmvNEqh2bezbx/view,extracted
Hamstra/Hamstra Corn Summary 2008-2026.xlsx.extract.md,Hamstra Corn Summary 2008-2026.xlsx,xlsx,58765,10uI_96eGurG1IY5eAxkk4omNXNnKHCqx,https://drive.google.com/file/d/10uI_96eGurG1IY5eAxkk4omNXNnKHCqx/view,extract_only
Hamstra/Hamstra Dairy TID NEW.xlsx,Hamstra Dairy TID NEW.xlsx,xlsx,13619,11q4yuW6pTeG9RiSD_-BP_3qlVR7SdI2C,https://drive.google.com/file/d/11q4yuW6pTeG9RiSD_-BP_3qlVR7SdI2C/view,extracted
Hamstra/2026 Hamstra Wheat.xlsx,2026 Hamstra Wheat (Hamstra root).xlsx,xlsx,14028,1LgAlyQBUyxC8IlGtrOBGBJ_SHhG1678Z,https://drive.google.com/file/d/1LgAlyQBUyxC8IlGtrOBGBJ_SHhG1678Z/view,extracted
Hamstra/chemical prices 2024.xlsx,chemical prices 2024.xlsx,xlsx,14581,1K01xzvWL8a81NvIcuPk-7OUBaMLofjj2,https://drive.google.com/file/d/1K01xzvWL8a81NvIcuPk-7OUBaMLofjj2/view,extracted
Hamstra/Hamstra Dairy TID old.doc,Hamstra Dairy TID old.doc,application/msword,27648,1HsrgRTMFLxTrRijNspY5_0s818ZK0Efe,https://drive.google.com/file/d/1HsrgRTMFLxTrRijNspY5_0s818ZK0Efe/view,extracted
Hamstra/Hamstra 2023 dashboard.pdf,Hamstra 2023 dashboard.pdf,application/pdf,198250,1Q3zD7OIi8gsf1qTHCkpXsSggGyEE2aNt,https://drive.google.com/file/d/1Q3zD7OIi8gsf1qTHCkpXsSggGyEE2aNt/view,extracted
Hamstra/Hamstra Field maps 2024.pdf,Hamstra Field maps 2024.pdf,application/pdf,797442,1R_JzyQDNlyFB8KlXK6o5HD858RhjezkH,https://drive.google.com/file/d/1R_JzyQDNlyFB8KlXK6o5HD858RhjezkH/view,linked_too_large
Hamstra/hamstra field map.jpg,hamstra field map,image/jpeg,818907,1pIOw-T3kiW6NAxKVMhI_HO3Iu5ggDdA9,https://drive.google.com/file/d/1pIOw-T3kiW6NAxKVMhI_HO3Iu5ggDdA9/view,linked_too_large
Hamstra/chemical prices 2023.xlsx,chemical prices 2023.xlsx,xlsx,14063,1JM6vYBRWmwafODPFPa21zJXQ_jijM14r,https://drive.google.com/file/d/1JM6vYBRWmwafODPFPa21zJXQ_jijM14r/view,extracted
Hamstra/chemical prices 2019.xlsx,chemical prices 2019.xlsx,xlsx,10508,1pn8y5PlddHjrzVq1v8eBfts1o8l7Ojn6,https://drive.google.com/file/d/1pn8y5PlddHjrzVq1v8eBfts1o8l7Ojn6/view,extracted
Hamstra/Hamstra Corn 2017.xlsx,Hamstra Corn 2017 (Hamstra root).xlsx,xlsx,129756,1Vwxs5iygNARv41vNW_ivvNXMSaG_3mSD,https://drive.google.com/file/d/1Vwxs5iygNARv41vNW_ivvNXMSaG_3mSD/view,extracted
Hamstra/Hamstra Colpien Field Map.pdf,Hamstra Colpien Field Map.pdf,application/pdf,159130,1PCqMLRyw45KT5zbxdgUaQM7Imndjw3Ea,https://drive.google.com/file/d/1PCqMLRyw45KT5zbxdgUaQM7Imndjw3Ea/view,extracted
Hamstra/Hamstra Dairy Ditch Co.doc,Hamstra Dairy Ditch Co.doc,application/msword,23040,1EX6fDwDN66ZrhAOmpnSoCEFItWyD0dcG,https://drive.google.com/file/d/1EX6fDwDN66ZrhAOmpnSoCEFItWyD0dcG/view,extracted
Hamstra/Pipeline application.xls,Pipeline application.xls,application/vnd.ms-excel,22016,1Zd4_TWik48scNBmskkpPhQMdjWAnQKWP,https://drive.google.com/file/d/1Zd4_TWik48scNBmskkpPhQMdjWAnQKWP/view,extract_failed
Hamstra/gipson ranch.jpg,gipson ranch.jpg,image/jpeg,82913,1Mpm7twDskVTXx-s7Nkp7YsI2-MbT9v_A,https://drive.google.com/file/d/1Mpm7twDskVTXx-s7Nkp7YsI2-MbT9v_A/view,extract_failed
Hamstra/Hamstra ranch management 2010.xls,Hamstra ranch management 2010.xls,application/vnd.ms-excel,167424,1hybyjPZ812WYKibNVaa5QAaYmIxpUeJV,https://drive.google.com/file/d/1hybyjPZ812WYKibNVaa5QAaYmIxpUeJV/view,extract_failed
Hamstra/C-8121 Hamstra Dairy.pdf,C-8121 Hamstra Dairy.pdf,application/pdf,766522,1RrrBXRpInZ-2bJV4b6ybb1Mk_KEGYlSM,https://drive.google.com/file/d/1RrrBXRpInZ-2bJV4b6ybb1Mk_KEGYlSM/view,linked_too_large
Hamstra/manure water management2.xls,manure water management2.xls,application/vnd.ms-excel,15872,1D42JM4dtmDE0u6cGTJGAU9pM5V1JXH34,https://drive.google.com/file/d/1D42JM4dtmDE0u6cGTJGAU9pM5V1JXH34/view,extract_failed
Hamstra/Hamstra nutrient management template.xls,Hamstra nutrient management template.xls,application/vnd.ms-excel,128512,1aEy1PRPFfkpM6qxP-ghl4AM_v7NtT2ZO,https://drive.google.com/file/d/1aEy1PRPFfkpM6qxP-ghl4AM_v7NtT2ZO/view,extract_failed
Hamstra/Hamstra Field Map.pdf,Hamstra Field Map.pdf,application/pdf,643305,1C3sNbRTm_0ZVPA8BGJ3YSqX4BEUfoAMW,https://drive.google.com/file/d/1C3sNbRTm_0ZVPA8BGJ3YSqX4BEUfoAMW/view,linked_too_large
Hamstra/South gipson agrian.gml,South gipson agrian.gml,text/xml,1528,1ZCQVPxSoN-ABucGQfO1u23LSl3UgI1Ui,https://drive.google.com/file/d/1ZCQVPxSoN-ABucGQfO1u23LSl3UgI1Ui/view,extract_failed
Hamstra/Hamstra ranch management.xls,Hamstra ranch management.xls,application/vnd.ms-excel,128000,1BYqQt-jKeI5Fo28FIM9P0bBN6h8-y45-,https://drive.google.com/file/d/1BYqQt-jKeI5Fo28FIM9P0bBN6h8-y45-/view,extract_failed
Hamstra/Chemical Prices 2011-2012.xls,Chemical Prices 2011-2012.xls,application/vnd.ms-excel,24615,1rF0jDSyTinT2fwA9C36aXBSzFqKLKU3T,https://drive.google.com/file/d/1rF0jDSyTinT2fwA9C36aXBSzFqKLKU3T/view,extract_failed
Hamstra/Chemical Prices 2011-2012 (02-23-2015 0845 PM).xls,Chemical Prices 2011-2012 (02-23-2015 0845 PM).xls,application/vnd.ms-excel,24615,1Op2wTVn-FZJaZVWPER5senFjMY6hMwIi,https://drive.google.com/file/d/1Op2wTVn-FZJaZVWPER5senFjMY6hMwIi/view,extract_failed
Hamstra/Hamstra Field Map NEW.pdf,Hamstra Field Map NEW.pdf,application/pdf,540388,1QeZ_tXqV1SdSvmWWv0glY9GaNnMKUcAP,https://drive.google.com/file/d/1QeZ_tXqV1SdSvmWWv0glY9GaNnMKUcAP/view,linked_too_large
Hamstra/Hamstra Field Map (01).pdf,Hamstra Field Map (01).pdf,application/pdf,643305,19WGiLnZhmiiDibrVEYgYINIiNjBifOSu,https://drive.google.com/file/d/19WGiLnZhmiiDibrVEYgYINIiNjBifOSu/view,linked_too_large
Hamstra/hamstra 2008 corn.xls,hamstra 2008 corn.xls,application/vnd.ms-excel,16384,1mznwfCqAyK8havG2GfmCAQQ_xqLO3JYB,https://drive.google.com/file/d/1mznwfCqAyK8havG2GfmCAQQ_xqLO3JYB/view,extract_failed
Hamstra/NH3  Application Notes.doc,NH3 Application Notes.doc,application/msword,19968,1SDa-8LrzTa4fODwpsZCvbnFsadBE95mz,https://drive.google.com/file/d/1SDa-8LrzTa4fODwpsZCvbnFsadBE95mz/view,extracted
Hamstra/Chemical prices 2015.xlsx,Chemical prices 2015.xlsx,xlsx,11377,1f-eKHAGbtVg0cyT_y2nh8EjzL2s7QgSe,https://drive.google.com/file/d/1f-eKHAGbtVg0cyT_y2nh8EjzL2s7QgSe/view,extracted
Hamstra/gipson2.jpg,gipson2.jpg,image/jpeg,102013,1-B8CW0_74WT9WdhlSLCam2k787TCqvsR,https://drive.google.com/file/d/1-B8CW0_74WT9WdhlSLCam2k787TCqvsR/view,extract_failed
Hamstra/Hamstra 1625 feed analysis.pdf,Hamstra 1625 feed analysis.pdf,application/pdf,9049,1ypevl9toPAPfVb_V3ppHOk-Ns7-6GWzb,https://drive.google.com/file/d/1ypevl9toPAPfVb_V3ppHOk-Ns7-6GWzb/view,extracted
Hamstra/Hamstra_31G97 analysis.pdf,Hamstra_31G97 analysis.pdf,application/pdf,8753,1IrD8qng4G1hmhu6cMAcqZiCfCBmDcSgG,https://drive.google.com/file/d/1IrD8qng4G1hmhu6cMAcqZiCfCBmDcSgG/view,extracted
Hamstra/Nutrient Management/manure water management2.xls,manure water management2.xls,application/vnd.ms-excel,15872,1DJWFMV3pdv1WXNvn4IGTJWcFI3bFb6nD,https://drive.google.com/file/d/1DJWFMV3pdv1WXNvn4IGTJWcFI3bFb6nD/view,extract_failed
Hamstra/Nutrient Management/Hamstra ranch management.xls,Hamstra ranch management.xls,application/vnd.ms-excel,128000,1lFhVg_BmztWNlZm56fkogwwR_wTDdr9T,https://drive.google.com/file/d/1lFhVg_BmztWNlZm56fkogwwR_wTDdr9T/view,extract_failed
Hamstra/Nutrient Management/Hamstra ranch management 2010.xls,Hamstra ranch management 2010.xls,application/vnd.ms-excel,167424,1tJXERPWUaGIBlAzpK-HxPYE8pBV6RF9B,https://drive.google.com/file/d/1tJXERPWUaGIBlAzpK-HxPYE8pBV6RF9B/view,extract_failed
Hamstra/Nutrient Management/Hamstra nutrient management template.xls,Hamstra nutrient management template.xls,application/vnd.ms-excel,128512,1swz9AH_ZIF_AsfAG8dolB_NCTP0KvA1P,https://drive.google.com/file/d/1swz9AH_ZIF_AsfAG8dolB_NCTP0KvA1P/view,extract_failed
Hamstra/Pump Data/WCR Hamstra 2.pdf,WCR Hamstra 2.pdf,application/pdf,15228,1thcBkewho0HBZEnPjJBOtqXdILyhMegq,https://drive.google.com/file/d/1thcBkewho0HBZEnPjJBOtqXdILyhMegq/view,extracted
Hamstra/Pump Data/WCR Hamstra 4.pdf,WCR Hamstra 4.pdf,application/pdf,69530,1UOb6IvgnHachkdvFH6uDAYj17dptZtBi,https://drive.google.com/file/d/1UOb6IvgnHachkdvFH6uDAYj17dptZtBi/view,extracted
Hamstra/Pump Data/WCR Hamstra 9.pdf,WCR Hamstra 9.pdf,application/pdf,81777,1NRDDPCFa0L3zTiLz0P5EUK6pjwzq61G2,https://drive.google.com/file/d/1NRDDPCFa0L3zTiLz0P5EUK6pjwzq61G2/view,extracted
Hamstra/Pump Data/WCR Hamstra 20.pdf,WCR Hamstra 20.pdf,application/pdf,158434,1H2l_lMT6H3bL9g0wQQhUmmn2jiPyZiE5,https://drive.google.com/file/d/1H2l_lMT6H3bL9g0wQQhUmmn2jiPyZiE5/view,extracted
Hamstra/Pump Data/WCR Hamstra 30W.pdf,WCR Hamstra 30W.pdf,application/pdf,61350,1KmpIcJwF-qpe2S-_jp_LIzFHh_i1-swO,https://drive.google.com/file/d/1KmpIcJwF-qpe2S-_jp_LIzFHh_i1-swO/view,extracted
Hamstra/Pump Data/WCR Hamstra 30E.pdf,WCR Hamstra 30E.pdf,application/pdf,84466,1GGpCHlp7PvxgzmopEjOO4dmcqvWh7KRT,https://drive.google.com/file/d/1GGpCHlp7PvxgzmopEjOO4dmcqvWh7KRT/view,extracted
Hamstra/Pump Data/WCR Hamstra 40.pdf,WCR Hamstra 40.pdf,application/pdf,300806,1om-_YR7ligUHs2XJAHR-sLjkV6IrYn8x,https://drive.google.com/file/d/1om-_YR7ligUHs2XJAHR-sLjkV6IrYn8x/view,linked_too_large
Hamstra/Pump Data/WCR Hamstra 31.pdf,WCR Hamstra 31.pdf,application/pdf,104385,115xLH8T6xtoCW8dpeLgMITzyHB0yug6d,https://drive.google.com/file/d/115xLH8T6xtoCW8dpeLgMITzyHB0yug6d/view,extracted
Hamstra/Pump Data/WCR Hamstra 33.pdf,WCR Hamstra 33.pdf,application/pdf,69541,1KmYfnUM9kvt9LsHul12BknPenb58JydJ,https://drive.google.com/file/d/1KmYfnUM9kvt9LsHul12BknPenb58JydJ/view,extracted
Hamstra/Pump Data/WCR Hamstra 42.pdf,WCR Hamstra 42.pdf,application/pdf,88522,1lrD752e7BvH4ObZYR0U0UQd9puSm284F,https://drive.google.com/file/d/1lrD752e7BvH4ObZYR0U0UQd9puSm284F/view,extracted
Hamstra/Pump Data/WCR Hamstra 41.pdf,WCR Hamstra 41.pdf,application/pdf,17073,1niDLrNkWEfGqtwjm41IAblJ2OCVahamz,https://drive.google.com/file/d/1niDLrNkWEfGqtwjm41IAblJ2OCVahamz/view,extracted
Hamstra/Pump Data/WCR Hamstra 34.pdf,WCR Hamstra 34.pdf,application/pdf,45574,12QQX7gvEp_qvmj8STup1hNsDleTVAGha,https://drive.google.com/file/d/12QQX7gvEp_qvmj8STup1hNsDleTVAGha/view,extracted
Hamstra/Pump Data/WCR Hamstra 35.pdf,WCR Hamstra 35.pdf,application/pdf,85984,1eAvsE_Lvs0SNsDl9BEOEk_M81yO218e1,https://drive.google.com/file/d/1eAvsE_Lvs0SNsDl9BEOEk_M81yO218e1/view,extracted
Hamstra/Pump Data/WCR Hamstra 34E.pdf,WCR Hamstra 34E.pdf,application/pdf,80046,1NWJVMWKxgBA3URdHIfX3l4J7EopCQd34,https://drive.google.com/file/d/1NWJVMWKxgBA3URdHIfX3l4J7EopCQd34/view,extracted
Hamstra/Pump Data/Linked Wells Report - 12 Wells.pdf,Linked Wells Report - 12 Wells.pdf,application/pdf,5894316,1IZ80qCy2kA_0jvhHWTb_kqcnDGntfvbx,https://drive.google.com/file/d/1IZ80qCy2kA_0jvhHWTb_kqcnDGntfvbx/view,linked_too_large
Hamstra/Pump Data/Hamstra Completio Report Final_0001 (1).pdf,Hamstra Completio Report Final_0001 (1).pdf,application/pdf,2127469,1pSiEbegGEm6v9d9gIXkSxdBvMHkxWEz2,https://drive.google.com/file/d/1pSiEbegGEm6v9d9gIXkSxdBvMHkxWEz2/view,linked_too_large
Hamstra/Pump Data/Hamstra Dairy-Field 4 150 HP.pdf,Hamstra Dairy-Field 4 150 HP.pdf,application/pdf,321699,10BpimPMgiQernM5119iYXW79SgTVe3_1,https://drive.google.com/file/d/10BpimPMgiQernM5119iYXW79SgTVe3_1/view,linked_too_large
Hamstra/Pump Data/Hamstra Dairy - Plant 45633 Well - Ref 43959.pdf,Hamstra Dairy - Plant 45633 Well - Ref 43959.pdf,application/pdf,70381,1hhFyC-mOUwscY4dQ3IM7x2VF1vXr6IgV,https://drive.google.com/file/d/1hhFyC-mOUwscY4dQ3IM7x2VF1vXr6IgV/view,extracted
Hamstra/Pump Data/Hamstra Dairy - FIELD 4 - 150HP - Ref 44548(1).pdf,Hamstra Dairy - FIELD 4 - 150HP - Ref 44548(1).pdf,application/pdf,70520,1T-ylMihKqxZucgdF9RTyjEwqspM6NSUu,https://drive.google.com/file/d/1T-ylMihKqxZucgdF9RTyjEwqspM6NSUu/view,extracted
Hamstra/Pump Data/Hamstra Dairy - C-5 Pump - Ref 35450(1).pdf,Hamstra Dairy - C-5 Pump - Ref 35450(1).pdf,application/pdf,68383,1IQhagWL2W5WI9CKD3_vvvdkIUXZtr5Dw,https://drive.google.com/file/d/1IQhagWL2W5WI9CKD3_vvvdkIUXZtr5Dw/view,extracted
Hamstra/Field records and Dates/Field laser leveling dates.xlsx,Field laser leveling dates.xlsx,xlsx,15410,1dy_OBLwWKEw-n4gOxnGkIRc3z7AE1eh8,https://drive.google.com/file/d/1dy_OBLwWKEw-n4gOxnGkIRc3z7AE1eh8/view,extracted
Hamstra/Field records and Dates/Field grades.xlsx,Field grades.xlsx,xlsx,12949,11493-lAC2chzALXkOgcyKU0GkyVDlpzl,https://drive.google.com/file/d/11493-lAC2chzALXkOgcyKU0GkyVDlpzl/view,extracted
Hamstra/Field records and Dates/Gyp field dates.xlsx,Gyp field dates (Field records).xlsx,xlsx,16971,1VV0O4sZJ89QQhOrX8gX3oKoRZYUOBod1,https://drive.google.com/file/d/1VV0O4sZJ89QQhOrX8gX3oKoRZYUOBod1/view,extracted
Hamstra/Field records and Dates/Alfalfa last year in hay.xlsx,Alfalfa last year in hay.xlsx,xlsx,17995,1wXInbpdbD7lIDGU5NG_bLjg1u5C77Ljj,https://drive.google.com/file/d/1wXInbpdbD7lIDGU5NG_bLjg1u5C77Ljj/view,extracted
Hamstra/Field records and Dates/Sludge fields.xlsx,Sludge fields.xlsx,xlsx,10535,1Lxi9MOHAHDOjz_DGEUO5JswiaYG1cSGn,https://drive.google.com/file/d/1Lxi9MOHAHDOjz_DGEUO5JswiaYG1cSGn/view,extracted
Hamstra/Field records and Dates/Chisel dates new.xls,Chisel dates new.xls,application/vnd.ms-excel,25600,1T5y6z6Mqza9peKRBrOVEVW8jMoq_z1ot,https://drive.google.com/file/d/1T5y6z6Mqza9peKRBrOVEVW8jMoq_z1ot/view,extract_failed
Hamstra/Field records and Dates/Alfalfa schedules.xlsx,Alfalfa schedules.xlsx,xlsx,12279,1DelPh-plcE7v6OD8oElabwvpCTLnq7cb,https://drive.google.com/file/d/1DelPh-plcE7v6OD8oElabwvpCTLnq7cb/view,extracted
Hamstra/Field records and Dates/Chisel dates.xls,Chisel dates.xls,application/vnd.ms-excel,30720,1wlEUT1Mb_5B2pc_OSqplmbsYrIy00PVq,https://drive.google.com/file/d/1wlEUT1Mb_5B2pc_OSqplmbsYrIy00PVq/view,extract_failed
Hamstra/Soil Samples/2013 Clark Ranch soil sample.xls,2013 Clark Ranch soil sample.xls,application/vnd.ms-excel,73230,1Ep5mU3AUbsidFtjpCxOppvc7Ls2afUCe,https://drive.google.com/file/d/1Ep5mU3AUbsidFtjpCxOppvc7Ls2afUCe/view,extract_failed
Hamstra/Soil Samples/Hamstra Walnut tissue 26.pdf,Hamstra Walnut tissue 26.pdf,application/pdf,92046,1qjnU4Fo160mL3H4vqDnMl8QZOvXidkCb,https://drive.google.com/file/d/1qjnU4Fo160mL3H4vqDnMl8QZOvXidkCb/view,extracted
Hamstra/Soil Samples/2026 Hamstra walnut soil.pdf,2026 Hamstra walnut soil.pdf,application/pdf,107821,1XXJviRsBRzV52uvTAfNHMHpaJGIreJXu,https://drive.google.com/file/d/1XXJviRsBRzV52uvTAfNHMHpaJGIreJXu/view,extracted
Hamstra/Soil Samples/2026 Hamstra 29 & 36 soil .pdf,2026 Hamstra 29 & 36 soil .pdf,application/pdf,106444,1yt8dGzPUCwkBfoJGn9MWGrw0RbLGYTDc,https://drive.google.com/file/d/1yt8dGzPUCwkBfoJGn9MWGrw0RbLGYTDc/view,extracted
"Hamstra/Soil Samples/2026 Hamstra 9,24,25 soil.pdf","2026 Hamstra 9,24,25 soil.pdf",application/pdf,105483,1Y_KY01hnidnfDDcYUhBRrBBvZBUmk23d,https://drive.google.com/file/d/1Y_KY01hnidnfDDcYUhBRrBBvZBUmk23d/view,extracted
Hamstra/Soil Samples/Hamstra C1 soil 2025.pdf,Hamstra C1 soil 2025.pdf,application/pdf,92453,1AJrImqyiE2nc6bB6HLFzmJV3XnV_kpQy,https://drive.google.com/file/d/1AJrImqyiE2nc6bB6HLFzmJV3XnV_kpQy/view,extracted
Hamstra/Soil Samples/Hamstra Soils 2025.pdf,Hamstra Soils 2025.pdf,application/pdf,115611,1Mq_dIPwXhpesN5oMz09sFWwUwwnQdkXL,https://drive.google.com/file/d/1Mq_dIPwXhpesN5oMz09sFWwUwwnQdkXL/view,extracted
Hamstra/Soil Samples/06-S156999 Hamstra Corn N 6-15-26.pdf,06-S156999 Hamstra Corn N 6-15-26 (SoilSamples).pdf,application/pdf,79455,1kBthVWer6MPq38wsAIlWYc3Gn4semfPS,https://drive.google.com/file/d/1kBthVWer6MPq38wsAIlWYc3Gn4semfPS/view,extracted
Hamstra/Soil Samples/05-S155164 Hamstra Corn N 2026.pdf,05-S155164 Hamstra Corn N 2026 (SoilSamples).pdf,application/pdf,91647,1GL2VN_jsu9wK3rrBnDGlnAJx25AnuPJX,https://drive.google.com/file/d/1GL2VN_jsu9wK3rrBnDGlnAJx25AnuPJX/view,extracted
Hamstra/Soil Samples/05-S156001 Hamstra Corn N nitrogen profiles 2026.pdf,05-S156001 Hamstra Corn N nitrogen profiles 2026 (SoilSamples).pdf,application/pdf,63523,1bqq1GPoMIACoErfjLCZp0EFColWF5j9m,https://drive.google.com/file/d/1bqq1GPoMIACoErfjLCZp0EFColWF5j9m/view,extracted
Hamstra/Soil Samples/09-S135193 Hamstra 2-05 soil.pdf,09-S135193 Hamstra 2-05 soil (SoilSamples).pdf,application/pdf,100122,1NFe8vn_CHqMz5voCNaI7WBogzaOnRlEO,https://drive.google.com/file/d/1NFe8vn_CHqMz5voCNaI7WBogzaOnRlEO/view,extracted
Hamstra/Soil Samples/09-S136069 Hamstra soil.pdf,09-S136069 Hamstra soil (SoilSamples).pdf,application/pdf,106392,17ub1-UffXufVQe1mdFslyhtCwmjdcxVQ,https://drive.google.com/file/d/17ub1-UffXufVQe1mdFslyhtCwmjdcxVQ/view,extracted
Hamstra/Soil Samples/08-T132186 Hamstra HULL.pdf,08-T132186 Hamstra HULL (SoilSamples).pdf,application/pdf,63860,1zL_n4JUCdB8e83roX9C0J9CuAwWktcCt,https://drive.google.com/file/d/1zL_n4JUCdB8e83roX9C0J9CuAwWktcCt/view,extracted
Hamstra/Soil Samples/08-S129744 Hamstra 03-28 soil.pdf,08-S129744 Hamstra 03-28 soil (SoilSamples).pdf,application/pdf,101585,1-fDtBtLkzAtwwHOYMsjFhaQBJcyOs8Fl,https://drive.google.com/file/d/1-fDtBtLkzAtwwHOYMsjFhaQBJcyOs8Fl/view,extracted
Hamstra/Soil Samples/07-T126085 Hamstra Alm.pdf,07-T126085 Hamstra Alm (SoilSamples).pdf,application/pdf,79887,1Nq116JCGz6HTUwRoHeo09JrU64MASdof,https://drive.google.com/file/d/1Nq116JCGz6HTUwRoHeo09JrU64MASdof/view,extracted
Hamstra/Soil Samples/07-T126100 Hamstra Wal.pdf,07-T126100 Hamstra Wal (SoilSamples).pdf,application/pdf,81990,1sVokKiFG7djtiVWE8ed4bqME9_6MDNW6,https://drive.google.com/file/d/1sVokKiFG7djtiVWE8ed4bqME9_6MDNW6/view,extracted
Hamstra/Soil Samples/04-S115462 Hamstra Corn N soil.pdf,04-S115462 Hamstra Corn N soil (SoilSamples).pdf,application/pdf,70638,1PjdUnACZP8tY1NSErk-PU8t8QEUdipqT,https://drive.google.com/file/d/1PjdUnACZP8tY1NSErk-PU8t8QEUdipqT/view,extracted
Hamstra/Soil Samples/Oct 2023 Soil Fld20.pdf,Oct 2023 Soil Fld20 (SoilSamples).pdf,application/pdf,47481,1q-uVt8576cpsQrNWqXruTKWffqST5cbo,https://drive.google.com/file/d/1q-uVt8576cpsQrNWqXruTKWffqST5cbo/view,extracted
"Hamstra/Soil Samples/Sept 2024 Soils Fld10,32.pdf","Sept 2024 Soils Fld10,32 (SoilSamples).pdf",application/pdf,54513,1MhK2fN7Y1i988amale4eNWGsp4SUCHno,https://drive.google.com/file/d/1MhK2fN7Y1i988amale4eNWGsp4SUCHno/view,extracted
Hamstra/Soil Samples/Aug 2024 Soils FldC5.pdf,Aug 2024 Soils FldC5 (SoilSamples).pdf,application/pdf,52005,10L5Kh5sZVbmLZi6sYUy4P6BkDWzZvAtj,https://drive.google.com/file/d/10L5Kh5sZVbmLZi6sYUy4P6BkDWzZvAtj/view,extracted
Hamstra/Soil Samples/May 2024 Soils Fld31N.pdf,May 2024 Soils Fld31N (SoilSamples).pdf,application/pdf,44929,1Hag6hEJTIah2gPgvhSx5J9HL-_Yd1HAx,https://drive.google.com/file/d/1Hag6hEJTIah2gPgvhSx5J9HL-_Yd1HAx/view,extracted
Hamstra/Soil Samples/Oct 2023 Soils Fld42.pdf,Oct 2023 Soils Fld42 (SoilSamples).pdf,application/pdf,50394,1D5g9K2hkmzsGDBxpc2zUZVL7owFkO7BW,https://drive.google.com/file/d/1D5g9K2hkmzsGDBxpc2zUZVL7owFkO7BW/view,extracted
Hamstra/Soil Samples/05-S84077 Hamstra 07-31N Complete.pdf,05-S84077 Hamstra 07-31N Complete (SoilSamples).pdf,application/pdf,44911,1ULgYtoLMXpujQOTjvr4cSTjeJps6S2By,https://drive.google.com/file/d/1ULgYtoLMXpujQOTjvr4cSTjeJps6S2By/view,extracted
Hamstra/Soil Samples/08-S97759 Hamstra 07-C5 N Alf.pdf,08-S97759 Hamstra 07-C5 N Alf (SoilSamples).pdf,application/pdf,51993,1tWePB8reyjze93nfaGyX2j9tEROU7kO8,https://drive.google.com/file/d/1tWePB8reyjze93nfaGyX2j9tEROU7kO8/view,extracted
Hamstra/Soil Samples/Sept 2014 Gibson S 35.xls,Sept 2014 Gibson S 35 (SoilSamples).xls,application/vnd.ms-excel,46080,1FDC6VwtL3oIn_w0y6j_FwaraOt8FNXQx,https://drive.google.com/file/d/1FDC6VwtL3oIn_w0y6j_FwaraOt8FNXQx/view,extract_failed
Hamstra/Soil Samples/Soil Sample Notes.pdf,Soil Sample Notes (SoilSamples).pdf,application/pdf,454728,1obvumYacoqqcohswNAt5tb_z_a58Zjfy,https://drive.google.com/file/d/1obvumYacoqqcohswNAt5tb_z_a58Zjfy/view,extracted
Hamstra/Soil Samples/Soil Sample 2011 19 9 16 24 25.pdf,Soil Sample 2011 19 9 16 24 25 (SoilSamples).pdf,application/pdf,2717838,1cYRRbX7H4Dp8dkdFsn5rEocz4rUjKWVN,https://drive.google.com/file/d/1cYRRbX7H4Dp8dkdFsn5rEocz4rUjKWVN/view,extracted
"Hamstra/Soil Samples/Sept 2015 Fld28,29.xls","Sept 2015 Fld28,29 (SoilSamples).xls",application/vnd.ms-excel,48128,1foe2SD2wOoBXuzL0z9rBJRRd39D8Fgs2,https://drive.google.com/file/d/1foe2SD2wOoBXuzL0z9rBJRRd39D8Fgs2/view,extract_failed
Hamstra/Soil Samples/April 2014 Soils-Batti.xls,April 2014 Soils-Batti (SoilSamples).xls,application/vnd.ms-excel,71168,1l-PZPAFsuJr0z6M_aIVWJO41lN4yxxdw,https://drive.google.com/file/d/1l-PZPAFsuJr0z6M_aIVWJO41lN4yxxdw/view,extract_failed
Hamstra/Soil Samples/Sept 2014 Gibson 34.xls,Sept 2014 Gibson 34 (SoilSamples).xls,application/vnd.ms-excel,40448,1QWT9Bd_cMPAls4pXkpcFmdB_9pUBxTK7,https://drive.google.com/file/d/1QWT9Bd_cMPAls4pXkpcFmdB_9pUBxTK7/view,extract_failed
"Hamstra/Soil Samples/Aug 2015 Fld16,31,40N.xls","Aug 2015 Fld16,31,40N (SoilSamples).xls",application/vnd.ms-excel,44544,1ydmr7YQuvUayEbMyAxSUmjRU9kzuGCo7,https://drive.google.com/file/d/1ydmr7YQuvUayEbMyAxSUmjRU9kzuGCo7/view,extract_failed
"Hamstra/Soil Samples/Sept 2015 Fld10,26,27.xls","Sept 2015 Fld10,26,27 (SoilSamples).xls",application/vnd.ms-excel,47616,1lU1aF6qhFx3o83Kfu7WdmgcPGAskwvEr,https://drive.google.com/file/d/1lU1aF6qhFx3o83Kfu7WdmgcPGAskwvEr/view,extract_failed
Hamstra/Soil Samples/Sept 2015 Fld5.xls,Sept 2015 Fld5 (SoilSamples).xls,application/vnd.ms-excel,45056,1RDqwUbnUn2heyNa8G2NndL5YZ-3nKP6D,https://drive.google.com/file/d/1RDqwUbnUn2heyNa8G2NndL5YZ-3nKP6D/view,extract_failed
Hamstra/Soil Samples/Soil Sample 2010 14 18 31.pdf,Soil Sample 2010 14 18 31 (SoilSamples).pdf,application/pdf,2143780,1OAh60MpawjEPTj3sAe1m3jizMuf_pRhy,https://drive.google.com/file/d/1OAh60MpawjEPTj3sAe1m3jizMuf_pRhy/view,extracted
Hamstra/Soil Samples/Oct_2013_Gibson_N-50.xls,Oct_2013_Gibson_N-50 (SoilSamples).xls,application/vnd.ms-excel,68096,1qUdwwJY7q8AVJMZp-ZoRSkE9dHHxMQ7m,https://drive.google.com/file/d/1qUdwwJY7q8AVJMZp-ZoRSkE9dHHxMQ7m/view,extract_failed
Hamstra/Soil Samples/Aug 2014 Fld 32.xls,Aug 2014 Fld 32 (SoilSamples).xls,application/vnd.ms-excel,43520,1IQshI2NQUUdYqdrKBqjYd3qumx7DqV4h,https://drive.google.com/file/d/1IQshI2NQUUdYqdrKBqjYd3qumx7DqV4h/view,extract_failed
Hamstra/Soil Samples/Hamstra Gipson soil sample 2013.xls,Hamstra Gipson soil sample 2013 (SoilSamples).xls,application/vnd.ms-excel,65536,1oKW7eap8JmeUMagbZuxpbutOhG8SKJx6,https://drive.google.com/file/d/1oKW7eap8JmeUMagbZuxpbutOhG8SKJx6/view,extract_failed
Hamstra/Soil Samples/Sept 2014 Fld 10.xls,Sept 2014 Fld 10 (SoilSamples).xls,application/vnd.ms-excel,40448,1HcEWcVCTP10ErAawmnLRudvv4PlkenxE,https://drive.google.com/file/d/1HcEWcVCTP10ErAawmnLRudvv4PlkenxE/view,extract_failed
"Hamstra/Soil Samples/Sept 2014 Fld 1,2.xls","Sept 2014 Fld 1,2 (SoilSamples).xls",application/vnd.ms-excel,40960,1bHjjf4KzEnrHkcCyu7qhyv_x2g6PYRnZ,https://drive.google.com/file/d/1bHjjf4KzEnrHkcCyu7qhyv_x2g6PYRnZ/view,extract_failed
